word,count
conservation,1
hornsey,1
fermented,1
liquors,1
cursory,1
freeing,1
furbelow,1
hourly,1
inc,1
natus,1
ewell,1
isaac,1
newton,1
gravitation,1
perilously,1
florists,1
rebound,1
testily,1
pigmy,1
spurious,1
thinly,1
unceremoniously,1
purring,1
parvenus,1
agincourt,1
hercules,1
wes,1
admiralty,1
fusses,1
hoof,1
appellation,1
twaddle,1
trumpery,1
stupider,1
effacing,1
skip,1
unneeded,1
solecism,1
approves,1
inspect,1
backyards,1
dutifully,1
primmer,1
dissimilarity,1
linoleum,1
brig,1
broadcloth,1
electroplate,1
damped,1
convulsions,1
maudlin,1
warhorse,1
jewellers,1
brooches,1
mangles,1
brooms,1
statuettes,1
parodied,1
dispirited,1
sayings,1
tinkers,1
pitchforked,1
genealogy,1
thumper,1
earldoms,1
baroni,1
galore,1
essex,1
seesaw,1
nouvelle,1
verbally,1
wilds,1
dejected,1
berti,1
slacks,1
externals,1
fianc,1
battalions,1
extraction,1
exempt,1
debater,1
suavely,1
liberalism,1
rial,1
attentiveness,1
authoritativeness,1
fraudulence,1
prejudicial,1
coyness,1
seraglio,1
attunes,1
matrons,1
discontentedly,1
patriarch,1
widowhood,1
lapses,1
bridled,1
pucker,1
pledge,1
qualifying,1
gob,1
housing,1
secondary,1
taxation,1
anachronism,1
liqueur,1
trotting,1
conductors,1
panes,1
comically,1
punt,1
papas,1
stilts,1
priding,1
orchards,1
sargent,1
suburbia,1
brushwork,1
poise,1
carol,1
desirability,1
presumptive,1
vouchsafes,1
avon,1
wrongfully,1
tudors,1
preside,1
committees,1
crusader,1
halberd,1
julius,1
gabled,1
plaited,1
tanner,1
beneficial,1
tyrannize,1
boastfulness,1
asperities,1
untried,1
counterbalancing,1
matured,1
extricating,1
depreciation,1
ensue,1
economize,1
smiths,1
tantalus,1
golconda,1
tat,1
earliness,1
horticulturists,1
explosions,1
unseated,1
bolting,1
tighten,1
poking,1
frivolities,1
distrusted,1
wrangle,1
impunity,1
advisedly,1
workingman,1
lackey,1
armlet,1
verify,1
grime,1
religiously,1
befriend,1
thousandfold,1
nonsensical,1
wastepaper,1
stratagems,1
advocate,1
axes,1
sinecure,1
cozen,1
mps,1
clerics,1
millionaires,1
reconsidering,1
moribund,1
wilhelm,1
meister,1
entanglements,1
properest,1
concentrated,1
temp,1
vital,1
imperialistic,1
huff,1
shota,1
pelt,1
lather,1
waive,1
projected,1
mellowing,1
haru,1
arum,1
cartoon,1
satellites,1
bowstring,1
abysses,1
misinformed,1
suffragans,1
civic,1
victual,1
authorized,1
tanker,1
radically,1
subjoined,1
revd,1
starring,1
wakening,1
reasserting,1
glaringly,1
exactitude,1
nebulous,1
centered,1
coincident,1
annuals,1
defying,1
briefest,1
recriminations,1
vicinity,1
waked,1
freshen,1
confr,1
socially,1
partaken,1
eyesore,1
appetizing,1
lauding,1
consecutive,1
doorknob,1
nicknamed,1
clasp,1
mettlesome,1
rearrangement,1
bettered,1
indisputable,1
arbor,1
unshakable,1
gurgle,1
benefactress,1
conspicuously,1
appraiser,1
gratuitously,1
beneficiary,1
superstitions,1
endeavoring,1
passageway,1
dejectedly,1
gardening,1
residue,1
affirmed,1
antagonize,1
legally,1
driveway,1
unreasonableness,1
lyne,1
tartar,1
vacuous,1
crito,1
stonily,1
unprincipled,1
chemin,1
cashes,1
checks,1
sued,1
relapsing,1
unities,1
forecast,1
twelfth,1
noncommittal,1
exaltation,1
repast,1
splendor,1
location,1
frugally,1
sweltered,1
inspected,1
providently,1
filing,1
theater,1
hods,1
oases,1
abutting,1
stenography,1
crimsoned,1
ascendant,1
boils,1
provoked,1
whitby,1
disagreeably,1
uncompleted,1
tumble,1
banknote,1
explanatory,1
experiencing,1
inured,1
barring,1
affluent,1
alighted,1
furry,1
joe,1
honoring,1
ultra,1
londoner,1
newer,1
supervising,1
unbelievably,1
tireless,1
dynamo,1
shirkers,1
couched,1
unskilled,1
lore,1
concede,1
deteriorated,1
unwittingly,1
conciliation,1
gert,1
loafing,1
workmanlike,1
drawling,1
biscuit,1
kneading,1
catechism,1
wickers,1
surcharged,1
unequal,1
administering,1
penetrate,1
wordy,1
clod,1
undisciplined,1
forborne,1
undercover,1
tares,1
trophy,1
moose,1
tins,1
rockers,1
unvarnished,1
employees,1
rile,1
ail,1
columbia,1
ramming,1
chapa,1
marshall,1
heeding,1
galician,1
dumping,1
scallywags,1
tumbles,1
calgary,1
homestead,1
trotters,1
yee,1
egotistic,1
bitingly,1
crashing,1
colorless,1
palliate,1
offense,1
paralyzed,1
irons,1
accumulation,1
dosa,1
installments,1
wor,1
famously,1
sappy,1
labors,1
quito,1
grudged,1
moreno,1
placate,1
schoolteacher,1
upsetting,1
xnor,1
executioner,1
cheekbone,1
sourdough,1
amit,1
disquieting,1
unremitting,1
sickbed,1
fasten,1
colors,1
restorative,1
flick,1
asger,1
wooed,1
impractical,1
cavemen,1
solvable,1
kindling,1
transpired,1
unspeakably,1
wearying,1
traveled,1
pullman,1
mitigate,1
candies,1
clashed,1
backup,1
anim,1
adverting,1
oversight,1
tractable,1
enraged,1
overstated,1
sagged,1
hinge,1
tugging,1
disentangle,1
pawed,1
meshed,1
befalling,1
seconding,1
straggly,1
noncommissioned,1
tacked,1
supposedly,1
spider,1
suitcase,1
sleeper,1
luxuriantly,1
gloated,1
slightness,1
purposing,1
batching,1
bouquets,1
hudson,1
tobaccos,1
quim,1
wrecking,1
douche,1
clutter,1
fraction,1
holdall,1
bulge,1
relented,1
shins,1
rammed,1
twisting,1
rancor,1
connote,1
implacability,1
agonized,1
inti,1
freeze,1
meg,1
digg,1
trapper,1
railroad,1
freighter,1
trappers,1
squaws,1
whiz,1
hark,1
impact,1
foreshadowed,1
equinox,1
saturn,1
moderated,1
marooned,1
filch,1
contenting,1
noo,1
amil,1
snowing,1
healthfully,1
pretexts,1
trumped,1
cautioned,1
metic,1
whore,1
asthma,1
nigh,1
runnin,1
kindliest,1
queried,1
unbearably,1
palliation,1
analytical,1
captious,1
behavior,1
rutter,1
overhauling,1
systematizing,1
inexpert,1
rearranging,1
unfailingly,1
inauspicious,1
outfit,1
labeled,1
refurbished,1
disgorge,1
patterned,1
outdone,1
contrived,1
unlearn,1
aborigines,1
lumped,1
enunciated,1
deficient,1
ungrudging,1
palpably,1
unforgettable,1
philosophizing,1
objecting,1
chateaus,1
razed,1
panorama,1
illumination,1
hardheaded,1
adaptability,1
readjustment,1
transplanting,1
breached,1
chasms,1
neighborly,1
stimulation,1
raisers,1
anemic,1
deprivations,1
ponder,1
finicky,1
ridiculing,1
undermine,1
luxuriate,1
tangent,1
favorable,1
harbored,1
zenith,1
nosegay,1
brighten,1
improvised,1
devious,1
phoned,1
thingamajig,1
sidetrack,1
sieve,1
ritz,1
underling,1
shirtwaist,1
neighbors,1
condemns,1
reap,1
roughened,1
outsiders,1
heartbreak,1
ranking,1
seasoned,1
mar,1
transforming,1
contrivance,1
unskillful,1
sleepwalker,1
zip,1
bushi,1
mulling,1
slaked,1
asphalted,1
graphically,1
rotation,1
stammered,1
mirthful,1
comprising,1
catalog,1
laps,1
sweeten,1
dave,1
gypsy,1
hermit,1
caption,1
corrections,1
sutton,1
vane,1
fay,1
compton,1
haye,1
kcmg,1
architrave,1
lemons,1
ahmet,1
arak,1
summery,1
friendships,1
assets,1
jap,1
rends,1
quand,1
galant,1
jolie,1
langue,1
vez,1
nai,1
jama,1
aises,1
gyp,1
dune,1
libert,1
pashas,1
jen,1
pelle,1
remer,1
moslem,1
reforms,1
orthodoxy,1
collision,1
nonconformist,1
ismael,1
chaffs,1
chew,1
telephoned,1
clockwork,1
neill,1
pats,1
harem,1
hampering,1
perpetrate,1
grammars,1
ramrod,1
resolves,1
sche,1
sinclair,1
magnolias,1
rambler,1
disarms,1
irrefutable,1
intercede,1
prerogative,1
murders,1
favouring,1
aspirin,1
hallo,1
beady,1
sucklings,1
unsay,1
biassed,1
blames,1
disapproves,1
decisions,1
constraints,1
communities,1
youngish,1
itching,1
twiddle,1
freezes,1
reh,1
misspend,1
heartaches,1
bedouin,1
lovesong,1
billing,1
guildford,1
esher,1
counters,1
signboards,1
druggist,1
crocodile,1
condiments,1
filthiness,1
hoods,1
smocks,1
masks,1
carrier,1
slopping,1
stringed,1
perches,1
yawns,1
bulldog,1
forelock,1
secretes,1
goo,1
ingratiate,1
aung,1
disagree,1
sandbox,1
iwan,1
amel,1
slinks,1
sponging,1
molehill,1
craftily,1
unties,1
calcutta,1
snapping,1
robina,1
creeps,1
eavesdropping,1
chuan,1
legations,1
resta,1
throwback,1
persuasively,1
uppermost,1
chesterfield,1
inserts,1
tama,1
bonny,1
manvel,1
llama,1
tee,1
grousing,1
examines,1
strolls,1
exacerbates,1
flummoxes,1
niche,1
gurgling,1
moistens,1
sprinted,1
ninepin,1
approaches,1
expands,1
selfsame,1
convulses,1
pally,1
girton,1
cramp,1
dole,1
speckled,1
peaches,1
regains,1
overworked,1
domino,1
liberator,1
joins,1
chews,1
beckons,1
bladders,1
distributes,1
wonderama,1
agley,1
penang,1
overrun,1
deviousness,1
hovers,1
implanted,1
flaunts,1
rightful,1
behooves,1
scrutinizing,1
someplace,1
grouse,1
dishwater,1
weakest,1
revolts,1
carats,1
sayama,1
teasing,1
peroxide,1
convincingly,1
sevens,1
knockout,1
baser,1
whiskys,1
enquiring,1
contemplates,1
beryl,1
faber,1
gore,1
beatrice,1
pelly,1
eyre,1
ravished,1
tournedos,1
academician,1
gambles,1
crookedest,1
burglar,1
groomed,1
prophetic,1
casino,1
vernacular,1
cabby,1
versatility,1
adorning,1
dandle,1
posthaste,1
promoter,1
blarney,1
sanctimonious,1
horsepower,1
unlocks,1
ministering,1
smoothes,1
outrages,1
doo,1
ced,1
permanently,1
carlsbad,1
ried,1
coup,1
safest,1
negotiated,1
swears,1
barest,1
sourness,1
monc,1
indicates,1
chiffon,1
geraldo,1
donia,1
artista,1
sniffing,1
specialities,1
baron,1
repayable,1
pester,1
diffident,1
weymouth,1
libels,1
audie,1
scare,1
turnover,1
strums,1
unjustifiable,1
curtsey,1
curtained,1
aidi,1
broadest,1
hairdresser,1
stoner,1
silky,1
anticipates,1
inclines,1
overdid,1
dairymaid,1
piquancy,1
rouging,1
submitting,1
overdo,1
toilette,1
hags,1
wigs,1
sho,1
hydrogen,1
puffs,1
polygamy,1
tradespeople,1
stepdaughter,1
temporarily,1
desso,1
subsist,1
chef,1
lyric,1
caton,1
woodville,1
cecil,1
rke,1
millard,1
exterminate,1
floppy,1
leroy,1
buoy,1
askance,1
monarchs,1
encyclop,1
dia,1
trustee,1
permissible,1
idler,1
partridges,1
pheasants,1
acquit,1
distorts,1
swish,1
platitude,1
enrages,1
kilkenny,1
neas,1
mutinied,1
shortcut,1
supplying,1
humpty,1
dumpty,1
denunciation,1
uganda,1
darting,1
compels,1
kes,1
cah,1
glimmerings,1
comedic,1
wrestling,1
germ,1
reusing,1
hurls,1
ryb,1
braces,1
cim,1
repeats,1
labelled,1
shippers,1
lech,1
imperfectly,1
chell,1
ber,1
wuss,1
aris,1
myron,1
arista,1
proclamation,1
stra,1
mindy,1
hippocrates,1
sybarite,1
damasus,1
myr,1
troph,1
epi,1
males,1
cedes,1
peloponnesian,1
ele,1
umpires,1
mian,1
gus,1
zen,1
phane,1
euphorion,1
arcadia,1
elea,1
cles,1
roes,1
athenians,1
eretria,1
ani,1
euboea,1
thessaly,1
ides,1
acr,1
mol,1
ossi,1
gymnasia,1
eli,1
corinth,1
laconia,1
herodotus,1
cary,1
dennis,1
burnett,1
nigel,1
playfair,1
cowen,1
burgh,1
bowyer,1
auto,1
angelico,1
gents,1
slacking,1
murr,1
tidier,1
dsm,1
housetops,1
scoff,1
chaperons,1
unconscionably,1
regents,1
womankind,1
guessing,1
taplow,1
comforter,1
donor,1
scrunched,1
brag,1
fettering,1
tendering,1
unobjectionable,1
jocosely,1
invites,1
gassing,1
elapses,1
versa,1
debating,1
storming,1
annoys,1
malevolently,1
exerts,1
telephoning,1
grange,1
outstayed,1
shrew,1
succumbs,1
stifles,1
retrying,1
averts,1
pities,1
easley,1
larra,1
naga,1
cowries,1
trough,1
tavistock,1